Id,Usuario,E-meil,Data
206,cecilcecil,leones52@gmail.com,15/8/2020 0:46:9
44,lomCarl,leones21@gmail.com,10/1/2022 6:41:53
609,LeonLeon,leones85@gmail.com,9/3/2017 15:7:15
29,lomCarl,leones15@gmail.com,24/10/2022 23:6:51
862,cecilcecil,leones25@gmail.com,12/1/2021 3:18:13
774,tomLeon,leones20@gmail.com,5/10/2022 3:54:17
760,LeonLeon,leones36@gmail.com,8/12/2019 10:55:23
476,LeonCarl,leones95@gmail.com,18/2/2022 22:28:35
696,CarlLeon,leones61@gmail.com,17/3/2023 2:23:26
130,lomCarl,leones68@gmail.com,2/12/2018 6:27:55
190,lomcecil,leones6@gmail.com,8/9/2023 10:33:49
717,lomcecil,leones65@gmail.com,28/1/2018 17:28:53
311,lomcecil,leones67@gmail.com,2/9/2022 11:23:11
135,Leontom,leones12@gmail.com,11/9/2023 13:6:39
167,cecillom,leones6@gmail.com,15/5/2020 11:29:14
422,lomcecil,leones78@gmail.com,20/12/2020 2:0:50
275,cecilCarl,leones68@gmail.com,20/12/2024 20:0:44
745,tomtom,leones51@gmail.com,28/4/2018 17:4:30
443,tomcecil,leones18@gmail.com,25/7/2019 7:34:29
985,LeonLeon,leones48@gmail.com,6/10/2018 5:15:2
446,tomlom,leones42@gmail.com,22/1/2024 13:28:24
266,tomcecil,leones36@gmail.com,21/10/2022 19:22:22
493,cecilLeon,leones40@gmail.com,12/1/2024 7:31:51
358,lomcecil,leones99@gmail.com,25/6/2022 5:54:57
592,cecilLeon,leones33@gmail.com,9/6/2024 0:38:0
901,tomtom,leones68@gmail.com,6/10/2019 6:1:44
576,tomtom,leones64@gmail.com,12/10/2020 5:21:30
135,ceciltom,leones96@gmail.com,19/11/2023 19:26:35
953,tomlom,leones19@gmail.com,9/4/2023 11:0:33
431,lomtom,leones67@gmail.com,29/9/2021 14:25:43
815,CarlLeon,leones14@gmail.com,2/10/2020 20:43:25
663,Leontom,leones80@gmail.com,19/1/2019 5:27:8
903,lomCarl,leones41@gmail.com,18/8/2019 10:57:54
469,cecilCarl,leones96@gmail.com,17/1/2018 7:48:21
319,Carlcecil,leones27@gmail.com,24/9/2023 18:0:44
906,Leonlom,leones85@gmail.com,20/3/2020 20:52:36
519,tomtom,leones57@gmail.com,14/6/2017 2:43:29
163,lomlom,leones56@gmail.com,29/5/2017 7:53:59
559,lomLeon,leones55@gmail.com,9/6/2024 0:41:8
971,lomtom,leones100@gmail.com,25/8/2020 12:9:21
812,cecilLeon,leones98@gmail.com,25/6/2018 12:16:52
209,lomCarl,leones71@gmail.com,29/8/2019 12:23:54
448,tomlom,leones43@gmail.com,26/8/2022 5:32:15
443,lomcecil,leones33@gmail.com,10/7/2017 8:42:51
584,CarlCarl,leones44@gmail.com,24/1/2017 12:45:29
936,lomcecil,leones6@gmail.com,17/2/2023 17:4:11
773,lomLeon,leones62@gmail.com,3/7/2019 7:41:4
607,cecilCarl,leones35@gmail.com,21/6/2023 19:11:2
151,Leontom,leones49@gmail.com,4/6/2020 13:34:42
282,lomcecil,leones53@gmail.com,22/3/2024 19:49:14
828,Carllom,leones24@gmail.com,3/1/2017 0:34:18
362,tomlom,leones60@gmail.com,24/11/2019 11:32:59
918,tomlom,leones70@gmail.com,6/3/2024 13:26:43
867,tomtom,leones61@gmail.com,18/1/2022 3:55:38
540,Carllom,leones61@gmail.com,4/12/2017 9:12:58
838,tomLeon,leones56@gmail.com,5/2/2024 14:41:38
980,Leontom,leones72@gmail.com,15/8/2025 10:38:7
101,lomtom,leones25@gmail.com,26/1/2024 22:10:56
774,CarlLeon,leones46@gmail.com,24/12/2020 1:0:12
196,Leoncecil,leones78@gmail.com,29/3/2017 18:52:11
265,Leontom,leones70@gmail.com,20/6/2019 21:25:33
981,Carllom,leones9@gmail.com,13/4/2017 1:4:35
581,lomCarl,leones63@gmail.com,1/6/2023 6:10:6
515,Leontom,leones15@gmail.com,1/8/2021 3:21:33
886,Leontom,leones89@gmail.com,28/3/2024 4:37:32
753,lomcecil,leones14@gmail.com,26/5/2023 13:38:50
663,ceciltom,leones47@gmail.com,16/6/2021 13:24:5
176,lomcecil,leones7@gmail.com,25/9/2022 17:5:9
271,Leontom,leones96@gmail.com,15/5/2017 11:28:47
586,tomcecil,leones93@gmail.com,6/11/2018 21:6:8
968,Carlcecil,leones14@gmail.com,17/4/2024 12:2:24
445,tomcecil,leones58@gmail.com,23/12/2024 19:27:4
394,CarlCarl,leones22@gmail.com,7/8/2025 14:27:14
560,tomcecil,leones30@gmail.com,17/4/2023 17:35:39
463,cecilLeon,leones21@gmail.com,24/8/2019 5:38:16
384,CarlLeon,leones44@gmail.com,17/5/2019 2:37:19
327,tomCarl,leones49@gmail.com,8/3/2023 22:38:34
518,lomCarl,leones3@gmail.com,12/8/2018 18:27:30
596,Leontom,leones20@gmail.com,16/6/2020 3:39:51
624,LeonCarl,leones82@gmail.com,16/2/2025 8:11:0
750,Carlcecil,leones63@gmail.com,25/7/2022 14:29:42
740,Leontom,leones55@gmail.com,27/2/2021 1:46:41
418,Leonlom,leones17@gmail.com,8/8/2025 21:40:24
555,lomtom,leones83@gmail.com,12/12/2024 6:35:29
647,tomCarl,leones72@gmail.com,7/9/2022 15:39:35
226,Carlcecil,leones31@gmail.com,15/5/2019 13:49:53
973,Carltom,leones48@gmail.com,12/12/2024 3:9:29
385,cecilCarl,leones95@gmail.com,9/5/2018 0:35:55
593,tomtom,leones68@gmail.com,16/1/2024 9:31:13
868,cecilCarl,leones55@gmail.com,13/5/2025 12:50:18
665,tomLeon,leones79@gmail.com,9/10/2019 20:49:26
625,tomLeon,leones16@gmail.com,25/5/2021 23:36:28
80,tomlom,leones19@gmail.com,20/11/2018 4:30:54
438,Leonlom,leones38@gmail.com,2/6/2019 19:24:23
277,ceciltom,leones82@gmail.com,2/10/2020 12:53:44
147,LeonCarl,leones50@gmail.com,11/8/2023 7:31:41
217,tomtom,leones49@gmail.com,15/5/2025 18:4:31
783,lomlom,leones59@gmail.com,2/9/2020 10:26:49
544,Carllom,leones37@gmail.com,20/11/2017 8:14:42
933,tomlom,leones29@gmail.com,10/7/2023 23:6:30
723,tomtom,leones67@gmail.com,8/1/2018 19:27:34
902,LeonLeon,leones36@gmail.com,2/9/2020 10:6:6
674,Carltom,leones68@gmail.com,16/12/2024 20:54:12
258,cecillom,leones89@gmail.com,4/9/2025 11:25:16
192,lomLeon,leones50@gmail.com,21/8/2017 23:37:40
522,tomtom,leones96@gmail.com,18/2/2017 4:25:17
992,lomLeon,leones26@gmail.com,18/5/2018 20:9:5
474,Leoncecil,leones98@gmail.com,5/8/2019 23:57:42
274,tomLeon,leones31@gmail.com,26/7/2022 21:33:35
369,cecillom,leones34@gmail.com,21/12/2023 4:26:20
688,cecilcecil,leones76@gmail.com,7/8/2019 10:17:41
737,lomcecil,leones96@gmail.com,18/10/2024 1:49:42
937,cecilcecil,leones16@gmail.com,23/3/2021 5:50:41
364,tomLeon,leones37@gmail.com,22/10/2025 3:35:45
160,lomCarl,leones84@gmail.com,11/1/2018 3:24:16
784,ceciltom,leones34@gmail.com,24/4/2019 7:20:39
485,Carlcecil,leones55@gmail.com,29/1/2023 16:22:18
206,lomCarl,leones1@gmail.com,10/8/2020 23:17:14
208,Carllom,leones37@gmail.com,28/7/2020 2:4:50
676,LeonLeon,leones55@gmail.com,21/4/2025 6:45:10
957,cecillom,leones80@gmail.com,13/7/2022 0:19:40
866,Leonlom,leones54@gmail.com,5/9/2018 23:32:22
55,LeonCarl,leones13@gmail.com,12/9/2020 13:59:17
290,lomlom,leones43@gmail.com,21/4/2024 16:59:32
692,Leontom,leones3@gmail.com,22/2/2019 2:6:23
675,Leontom,leones47@gmail.com,9/10/2025 3:28:50
603,CarlLeon,leones83@gmail.com,22/6/2023 13:47:33
718,tomtom,leones0@gmail.com,11/11/2017 11:6:37
970,tomCarl,leones18@gmail.com,11/10/2023 2:32:40
308,Carllom,leones58@gmail.com,21/6/2022 22:35:13
12,LeonLeon,leones85@gmail.com,14/12/2019 18:33:6
662,cecilcecil,leones3@gmail.com,24/9/2023 8:28:34
792,tomcecil,leones16@gmail.com,18/10/2018 22:21:45
803,tomcecil,leones93@gmail.com,29/5/2018 8:45:8
429,cecilLeon,leones65@gmail.com,2/7/2024 8:20:28
859,tomcecil,leones46@gmail.com,3/4/2017 22:52:1
366,Leonlom,leones38@gmail.com,1/5/2020 11:32:46
932,lomlom,leones13@gmail.com,14/11/2025 4:7:40
99,tomlom,leones5@gmail.com,24/12/2022 7:22:52
399,tomtom,leones41@gmail.com,21/3/2017 1:37:17
666,cecilLeon,leones14@gmail.com,6/10/2019 12:5:43
233,CarlCarl,leones18@gmail.com,17/5/2019 22:26:28
516,tomlom,leones73@gmail.com,19/8/2025 3:16:42
587,lomlom,leones41@gmail.com,15/12/2023 23:32:48
46,cecilcecil,leones51@gmail.com,29/8/2021 19:44:44
784,Leontom,leones41@gmail.com,13/7/2025 3:8:20
305,lomtom,leones45@gmail.com,28/2/2018 23:49:33
380,Carllom,leones48@gmail.com,7/3/2023 6:34:55
96,tomLeon,leones81@gmail.com,17/8/2018 5:52:46
106,Leoncecil,leones37@gmail.com,11/7/2024 5:58:28
746,lomtom,leones89@gmail.com,12/3/2022 0:28:27
771,Leoncecil,leones14@gmail.com,1/10/2022 1:1:44
1,cecilCarl,leones40@gmail.com,16/1/2018 4:49:57
772,cecilLeon,leones68@gmail.com,27/9/2018 5:50:48
3,Leoncecil,leones22@gmail.com,11/6/2020 10:0:45
134,CarlCarl,leones11@gmail.com,19/10/2021 23:51:39
278,cecilCarl,leones38@gmail.com,19/10/2025 19:13:41
860,LeonLeon,leones80@gmail.com,4/8/2022 21:11:24
904,CarlLeon,leones42@gmail.com,23/2/2019 0:12:56
66,lomlom,leones56@gmail.com,21/3/2019 7:6:13
970,cecilcecil,leones53@gmail.com,17/5/2025 9:18:35
53,lomtom,leones24@gmail.com,5/12/2024 7:48:53
137,tomlom,leones15@gmail.com,22/9/2019 5:39:34
136,tomCarl,leones24@gmail.com,8/5/2019 22:2:0
785,CarlLeon,leones92@gmail.com,17/10/2020 1:59:2
521,tomtom,leones92@gmail.com,5/8/2025 5:12:55
854,Leoncecil,leones80@gmail.com,9/10/2025 16:57:34
679,cecilCarl,leones75@gmail.com,28/2/2023 12:39:44
675,Leoncecil,leones94@gmail.com,21/7/2022 9:12:23
455,tomCarl,leones65@gmail.com,19/1/2017 8:26:25
530,tomLeon,leones84@gmail.com,29/11/2017 1:1:32
187,lomcecil,leones50@gmail.com,25/7/2020 5:12:45
466,Carllom,leones54@gmail.com,4/8/2023 12:38:8
154,LeonCarl,leones86@gmail.com,7/1/2023 7:46:9
64,cecillom,leones22@gmail.com,17/9/2022 16:0:47
194,Carlcecil,leones76@gmail.com,14/12/2020 15:46:19
871,tomtom,leones36@gmail.com,24/10/2023 18:50:15
713,Leonlom,leones79@gmail.com,14/12/2019 19:43:44
62,Leonlom,leones35@gmail.com,23/4/2024 5:4:42
985,Carltom,leones98@gmail.com,6/12/2017 14:54:48
472,Leonlom,leones79@gmail.com,9/3/2017 19:39:5
126,cecilLeon,leones40@gmail.com,26/4/2025 19:19:49
749,Leontom,leones51@gmail.com,8/4/2023 15:11:58
809,lomcecil,leones40@gmail.com,29/4/2024 16:20:22
493,Carlcecil,leones60@gmail.com,7/8/2022 6:1:56
425,Leonlom,leones29@gmail.com,26/4/2021 21:37:56
413,cecilcecil,leones6@gmail.com,19/9/2022 9:35:10
482,cecilCarl,leones91@gmail.com,21/6/2017 7:1:1
354,cecilLeon,leones56@gmail.com,15/2/2022 23:9:8
896,tomlom,leones79@gmail.com,1/1/2017 15:30:43
70,LeonLeon,leones67@gmail.com,20/2/2019 4:36:27
710,tomLeon,leones13@gmail.com,25/10/2025 22:0:33
178,tomtom,leones79@gmail.com,8/4/2018 10:7:20
205,tomtom,leones55@gmail.com,1/3/2019 11:58:4
613,Carltom,leones66@gmail.com,3/5/2021 15:52:0
642,tomcecil,leones37@gmail.com,16/6/2017 22:27:4
915,Carlcecil,leones38@gmail.com,20/2/2021 19:28:26
123,ceciltom,leones28@gmail.com,14/8/2017 23:15:36
626,lomLeon,leones42@gmail.com,27/5/2019 11:41:54
291,cecillom,leones42@gmail.com,26/12/2024 10:55:54
601,Leonlom,leones79@gmail.com,21/10/2024 3:15:40
682,tomtom,leones63@gmail.com,29/10/2023 7:3:11
65,tomcecil,leones49@gmail.com,23/4/2018 15:33:16
99,cecilLeon,leones6@gmail.com,7/11/2023 0:42:58
269,tomlom,leones83@gmail.com,12/2/2020 1:9:40
675,lomcecil,leones93@gmail.com,18/12/2019 10:53:37
359,cecillom,leones65@gmail.com,13/12/2022 2:55:34
577,tomcecil,leones93@gmail.com,18/6/2021 17:50:18
961,tomcecil,leones60@gmail.com,15/9/2022 9:30:4
285,Carltom,leones71@gmail.com,25/6/2024 11:33:9
656,cecilCarl,leones58@gmail.com,29/6/2024 3:42:34
780,LeonLeon,leones93@gmail.com,5/9/2017 15:37:23
57,tomcecil,leones33@gmail.com,16/5/2022 16:34:17
376,LeonCarl,leones16@gmail.com,18/6/2025 0:31:37
362,Leonlom,leones85@gmail.com,16/2/2018 12:8:9
711,LeonLeon,leones77@gmail.com,20/12/2018 1:9:26
964,CarlCarl,leones78@gmail.com,27/5/2021 3:30:10
607,Leontom,leones48@gmail.com,9/1/2024 1:20:53
76,tomLeon,leones16@gmail.com,12/8/2022 20:49:52
702,tomcecil,leones45@gmail.com,13/8/2020 17:18:9
433,tomCarl,leones50@gmail.com,22/4/2023 15:27:47
909,Leoncecil,leones81@gmail.com,13/10/2020 12:42:56
639,Carlcecil,leones44@gmail.com,16/3/2019 4:37:58
302,Carlcecil,leones83@gmail.com,25/4/2018 1:46:47
739,tomLeon,leones44@gmail.com,13/2/2025 8:55:26
562,lomtom,leones57@gmail.com,1/9/2019 11:35:39
933,tomLeon,leones31@gmail.com,7/12/2018 1:19:38
187,cecilcecil,leones16@gmail.com,25/2/2018 19:1:56
142,tomCarl,leones23@gmail.com,22/11/2021 20:19:28
234,tomLeon,leones29@gmail.com,27/7/2024 0:55:32
700,lomtom,leones86@gmail.com,3/6/2020 6:6:7
18,lomcecil,leones73@gmail.com,1/12/2020 17:50:56
653,lomlom,leones33@gmail.com,9/10/2018 21:12:59
179,CarlLeon,leones90@gmail.com,23/7/2018 12:20:48
651,Leontom,leones56@gmail.com,15/5/2023 9:21:26
384,CarlLeon,leones98@gmail.com,27/4/2022 15:19:9
685,cecillom,leones95@gmail.com,3/6/2023 15:52:23
38,tomcecil,leones35@gmail.com,4/2/2017 8:56:58
34,Leonlom,leones29@gmail.com,16/5/2024 7:46:53
722,cecillom,leones66@gmail.com,22/11/2024 18:19:8
869,Carltom,leones9@gmail.com,7/7/2021 9:47:33
676,tomLeon,leones58@gmail.com,21/3/2024 5:0:21
737,tomlom,leones1@gmail.com,7/5/2017 6:11:31
976,cecilLeon,leones4@gmail.com,2/6/2020 23:7:54
989,LeonCarl,leones3@gmail.com,16/1/2020 2:3:17
276,tomcecil,leones6@gmail.com,7/8/2019 17:39:25
527,cecilCarl,leones42@gmail.com,10/9/2019 20:18:33
186,CarlLeon,leones0@gmail.com,24/1/2019 14:16:51
324,CarlCarl,leones50@gmail.com,19/7/2020 20:14:20
66,cecilLeon,leones17@gmail.com,27/10/2021 20:24:52
807,Leonlom,leones44@gmail.com,11/10/2018 17:34:19
592,Leonlom,leones88@gmail.com,20/7/2021 11:37:59
652,tomtom,leones50@gmail.com,7/12/2017 15:44:14
853,Carltom,leones73@gmail.com,3/2/2020 20:26:33
798,cecilCarl,leones26@gmail.com,25/2/2021 1:53:16
825,ceciltom,leones61@gmail.com,16/9/2018 16:8:31
732,lomcecil,leones4@gmail.com,28/3/2019 19:27:8
227,lomtom,leones18@gmail.com,29/11/2020 11:37:32
456,tomtom,leones57@gmail.com,22/3/2017 13:23:28
130,tomCarl,leones39@gmail.com,3/8/2025 2:47:1
97,ceciltom,leones34@gmail.com,23/11/2020 14:58:46
757,Leonlom,leones92@gmail.com,22/11/2023 5:53:49
858,lomlom,leones45@gmail.com,10/7/2021 23:46:22
202,CarlCarl,leones57@gmail.com,13/2/2024 15:59:49
789,Carlcecil,leones63@gmail.com,3/12/2020 8:16:45
754,tomlom,leones100@gmail.com,24/8/2018 18:32:44
803,LeonLeon,leones35@gmail.com,23/3/2017 17:49:54
639,lomLeon,leones85@gmail.com,21/8/2022 17:4:38
613,tomCarl,leones0@gmail.com,6/9/2018 2:17:39
846,Leontom,leones56@gmail.com,24/5/2024 11:38:37
759,tomLeon,leones1@gmail.com,5/8/2020 22:6:49
539,lomLeon,leones60@gmail.com,14/7/2023 20:49:22
334,Leoncecil,leones55@gmail.com,2/9/2021 20:19:19
631,CarlLeon,leones85@gmail.com,6/9/2021 15:58:33
30,LeonLeon,leones35@gmail.com,23/3/2017 1:24:7
224,Leontom,leones64@gmail.com,28/3/2018 21:50:49
786,LeonLeon,leones18@gmail.com,17/5/2018 4:30:42
122,CarlCarl,leones37@gmail.com,8/3/2019 13:52:2
208,tomcecil,leones33@gmail.com,8/11/2018 12:28:36
270,lomtom,leones4@gmail.com,8/11/2022 4:34:34
174,lomlom,leones60@gmail.com,11/8/2021 11:20:42
837,ceciltom,leones94@gmail.com,7/8/2019 2:55:15
279,cecilLeon,leones37@gmail.com,9/2/2023 7:44:51
594,lomlom,leones81@gmail.com,13/10/2019 21:25:51
975,LeonCarl,leones70@gmail.com,5/5/2022 11:26:59
701,tomtom,leones44@gmail.com,9/9/2021 0:15:59
370,tomlom,leones20@gmail.com,25/6/2020 4:33:7
778,lomtom,leones37@gmail.com,14/9/2023 10:38:30
698,LeonCarl,leones49@gmail.com,1/11/2018 9:17:17
624,CarlCarl,leones17@gmail.com,19/10/2018 21:55:20
455,cecillom,leones25@gmail.com,26/6/2022 8:39:17
517,Leonlom,leones34@gmail.com,28/12/2021 20:29:52
859,Leoncecil,leones86@gmail.com,15/8/2017 14:55:35
234,LeonLeon,leones81@gmail.com,18/11/2020 13:44:39
749,LeonLeon,leones21@gmail.com,4/12/2024 14:8:28
229,cecilcecil,leones31@gmail.com,2/6/2023 19:34:7
373,cecilcecil,leones81@gmail.com,17/2/2018 7:19:46
302,cecilCarl,leones99@gmail.com,15/10/2018 0:46:52
448,Carltom,leones2@gmail.com,14/11/2022 16:42:56
136,cecilLeon,leones44@gmail.com,8/6/2020 0:3:50
462,Leontom,leones45@gmail.com,29/5/2017 4:57:58
713,lomtom,leones20@gmail.com,21/12/2024 0:9:53
251,tomlom,leones68@gmail.com,14/11/2018 9:17:21
306,tomLeon,leones30@gmail.com,17/4/2022 17:10:14
216,Leonlom,leones92@gmail.com,14/1/2023 1:26:30
239,Carllom,leones69@gmail.com,15/8/2018 14:50:35
568,lomlom,leones39@gmail.com,1/8/2024 1:59:12
839,lomLeon,leones14@gmail.com,16/5/2022 6:17:1
428,lomCarl,leones55@gmail.com,7/4/2020 20:13:40
65,tomCarl,leones52@gmail.com,11/3/2025 10:48:20
379,Leonlom,leones66@gmail.com,23/5/2022 9:57:33
48,LeonCarl,leones79@gmail.com,20/10/2018 7:54:22
816,ceciltom,leones83@gmail.com,18/8/2018 14:37:49
34,tomtom,leones52@gmail.com,2/7/2023 6:59:52
763,CarlLeon,leones1@gmail.com,23/4/2022 13:21:1
978,lomLeon,leones23@gmail.com,8/6/2019 8:16:21
393,lomLeon,leones4@gmail.com,7/5/2025 10:42:48
833,tomCarl,leones21@gmail.com,3/1/2023 1:30:34
840,CarlLeon,leones71@gmail.com,11/5/2020 12:1:32
234,Carllom,leones93@gmail.com,21/11/2023 23:9:22
265,Carllom,leones27@gmail.com,4/4/2023 13:10:53
157,CarlCarl,leones8@gmail.com,26/6/2021 20:46:31
219,CarlLeon,leones41@gmail.com,2/4/2024 8:13:43
927,lomLeon,leones71@gmail.com,23/4/2022 3:19:52
287,Carlcecil,leones24@gmail.com,10/9/2020 19:5:43
813,LeonCarl,leones79@gmail.com,22/4/2018 18:46:5
571,LeonLeon,leones26@gmail.com,29/5/2020 2:18:41
636,cecilLeon,leones2@gmail.com,26/11/2017 23:19:18
636,tomLeon,leones64@gmail.com,10/8/2020 21:2:55
874,Leonlom,leones8@gmail.com,14/1/2022 17:37:43
874,Carltom,leones1@gmail.com,26/9/2024 2:15:23
212,lomlom,leones72@gmail.com,21/3/2017 16:2:21
309,lomcecil,leones44@gmail.com,1/3/2020 8:18:4
210,lomtom,leones57@gmail.com,2/6/2019 22:48:7
475,cecilcecil,leones28@gmail.com,29/8/2021 11:56:37
599,LeonLeon,leones48@gmail.com,26/6/2023 16:51:22
974,cecilCarl,leones16@gmail.com,25/12/2021 23:57:8
994,lomcecil,leones8@gmail.com,6/12/2019 19:27:56
221,tomcecil,leones38@gmail.com,12/4/2020 3:42:50
759,Carllom,leones57@gmail.com,18/7/2022 10:23:42
189,cecilcecil,leones100@gmail.com,20/1/2018 21:0:39
638,Carlcecil,leones99@gmail.com,14/8/2020 15:56:3
387,cecilCarl,leones80@gmail.com,13/10/2024 16:51:49
949,tomtom,leones84@gmail.com,13/9/2022 11:38:54
612,tomLeon,leones85@gmail.com,18/7/2024 21:36:46
302,LeonLeon,leones77@gmail.com,14/10/2017 10:44:1
525,CarlCarl,leones33@gmail.com,24/12/2022 22:49:22
116,tomLeon,leones90@gmail.com,6/11/2022 18:35:24
893,lomcecil,leones69@gmail.com,6/11/2022 9:33:23
151,tomCarl,leones26@gmail.com,5/1/2018 2:23:45
335,LeonLeon,leones90@gmail.com,12/5/2024 22:32:12
